{
  "total_revenue": 2326534.3543,
  "total_profit": 292296.8146,
  "total_orders": 5111,
  "total_customers": 804,
  "average_order_value": 455.2013997847779,
  "profit_margin_pct": 12.563614805849078
}